review_id,reviewer_id,product_name,rating,is_recommended,review_text,fake_probability,uncertainty,your_label,label_notes
34992,RID_5752374075,"Amazon Echo Show Alexa-enabled Bluetooth Speaker with 7"" Screen",4,TRUE,Great product will recommend it to friends and family.,0.4999916,0.9999832,G,
35461,RID_5752374075,"Amazon Echo Show Alexa-enabled Bluetooth Speaker with 7"" Screen",4,TRUE,Great product will recommend it to friends and family.,0.4999916,0.9999832,G,
5401,RID_2465304748,"Fire Tablet, 7 Display, Wi-Fi, 8 GB - Includes Special Offers, Magenta",4,TRUE,"FOR the price it works great Battery run time could be better. Good for reading Kindle books, when my kindle white page isn't handy.",0.4999709,0.9999418,G,
25696,RID_2738702691,"Amazon Fire Tv,,,
Amazon Fire Tv,,,",5,TRUE,"Wow I was missing out on all the fun and convenient application this little thing can do. I thought oh like a toy and Ill get tired of it, wrong. I now have lights set to it, drop in on friends, ask any question I need answers to, get step by step recipes, just a thousand things, to many to list. Get yourself one, its awesome!",0.50005454,0.9998909,G,
25935,RID_7115581434,"Amazon Fire Tv,,,
Amazon Fire Tv,,,",3,TRUE,"little more complicated than i thought ,had to buy a harmony remote for tv to do what i wanted it to do.commands must be very specific",0.5000612,0.9998776,G,
17687,RID_6299825004,"Amazon Kindle Paperwhite - eBook reader - 4 GB - 6 monochrome Paperwhite - touchscreen - Wi-Fi - black,,,",4,TRUE,Works great! Love modern technology. Easily to transport in a purse.,0.49993616,0.9998723,G,
18414,RID_7713133211,"Amazon Kindle Paperwhite - eBook reader - 4 GB - 6 monochrome Paperwhite - touchscreen - Wi-Fi - black,,,",5,TRUE,This is my third kindle. I love the built in light. My first was bitten by my sister's dog (leather case) and my second wore out. I also like that I can use the Kindle app on any device and pick up where I left off.,0.49993515,0.9998703,G,
9017,RID_7482872100,"Fire Tablet, 7 Display, Wi-Fi, 8 GB - Includes Special Offers, Magenta",5,TRUE,This is a great tablet for the price. Great for traveling!,0.4999318,0.9998636,G,
6145,RID_6441396178,"Fire Tablet, 7 Display, Wi-Fi, 8 GB - Includes Special Offers, Magenta",5,TRUE,I love my Kendle Fire. Fits in my purse perfectly. Always have books on hand.,0.49992442,0.99984884,G,
8694,RID_1720500217,"Fire Tablet, 7 Display, Wi-Fi, 8 GB - Includes Special Offers, Magenta",5,TRUE,Nice tablet for the price. My son liked it. Was easy to use,0.5000847,0.9998306,G,
40402,RID_4566238540,AmazonBasics AAA Performance Alkaline Batteries (36 Count),5,FALSE,"These batteries work well for me in BT computer mice, electronic device remotes and LED flashlights.",0.4999043,0.9998086,G,
33077,RID_8708055531,Unknown Product,5,TRUE,"This has a great UI. I've used all the different streaming devices and this is by far the cleanest, fastest, and offers a lot of app selections.Works great with Playstation Vue!",0.49990073,0.99980146,G,
14288,RID_5486873405,"Fire Tablet, 7 Display, Wi-Fi, 8 GB - Includes Special Offers, Magenta",5,TRUE,"The tablet was on a great deal for black friday. I purchased it just for reading books and lightly going online. I am not expecting amazing power from something so cheap, I dig it for what it can do and not for what I think it should do.",0.5001284,0.9997432,G,
25285,RID_3468164368,"Amazon - Amazon Tap Portable Bluetooth and Wi-Fi Speaker - Black,,,
Amazon - Amazon Tap Portable Bluetooth and Wi-Fi Speaker - Black,,,",5,TRUE,"My second Alexa, easy to set up and simple to use. Very pleased with purchase.",0.4998667,0.9997334,G,
25443,RID_1102011811,"Amazon Fire Tv,,,
Amazon Fire Tv,,,",5,TRUE,"Having fun learning all that Alexa can do. Easy to program, even easier to use.",0.4998667,0.9997334,G,
23949,RID_2597705188,"Echo (White),,,
Echo (White),,,",5,TRUE,I bought this to work with my alarm system and works great.,0.50013447,0.99973106,G,
25121,RID_3684164523,"Amazon - Amazon Tap Portable Bluetooth and Wi-Fi Speaker - Black,,,
Amazon - Amazon Tap Portable Bluetooth and Wi-Fi Speaker - Black,,,",5,TRUE,"Alexa was so easy to set up and it has so many features that you can use. I like to do trial and error using Alexa, it is so much fun. I ask her to wake me up in the morning and it really worked. I have been having so much fun, since I bought it.",0.49985054,0.9997011,G,
43688,RID_1542958640,AmazonBasics AAA Performance Alkaline Batteries (36 Count),5,FALSE,Product as listed. Satisfied with purchase. Would buy again.,0.49984068,0.99968135,F,
16569,RID_2418282825,"Fire Kids Edition Tablet, 7 Display, Wi-Fi, 16 GB, Green Kid-Proof Case",5,TRUE,"What I really like is that you can set up different profiles( boy,girl and myself ) and still you can use any device to play to favorite profile.I bought 2 and kids are very happy.",0.5001857,0.99962854,G,
20065,RID_6886106719,"Amazon Kindle Paperwhite - eBook reader - 4 GB - 6 monochrome Paperwhite - touchscreen - Wi-Fi - black,,,",5,TRUE,"I purchased this Kindle for a friend. In fact, it's the third Kindle I have purchased for friends. It's light and can be used at the beach or in the dark. It's easy to use and worth the money.",0.499808,0.999616,G,
20698,RID_3598814183,"Kindle Voyage E-reader, 6 High-Resolution Display (300 ppi) with Adaptive Built-in Light, PagePress Sensors, Wi-Fi - Includes Special Offers,",5,TRUE,"I love my new Kindle! I have owned them all and each one improves on the last. It's a great way to read! I have the origami book cover as well and did not expect to like it but actually, I love it!",0.5002003,0.99959946,G,
47418,RID_4930604768,AmazonBasics AA Performance Alkaline Batteries (48 Count) - Packaging May Vary,4,FALSE,this works well enough for the price point. I would recommend it if you are on a budget.,0.4997716,0.9995432,G,
28089,RID_4433088849,Unknown Product,5,TRUE,"I was one of the original Amazon Echo purchasers, and have loved using it ever since. I bought this one as a ""thank you"" gift for my wonderful brother-in-law, who baby-sat me through two cataract surgeries. He loves it too.",0.499753,0.999506,G,
22776,RID_8911104473,"Echo (White),,,
Echo (White),,,",1,FALSE,"Unless you have fiber optic internet, don't buy this. If you have ATT Uverse it will mess up the TV, lower the speed of your internet, and play havoc with the phone.It has not worked yet since getting it, since I only have 25mgb of internet, and it really does not work at that speed at all.",0.50030595,0.9993881,G,
2973,RID_8407314792,"All-New Fire HD 8 Tablet, 8 HD Display, Wi-Fi, 32 GB - Includes Special Offers, Magenta",3,FALSE,"In my opinion it's very slow for internet use. Good for our 5 yr old to use but we purchased this for her to do online curriculums, which is almost impossible to do with this tablet because of the speed. Our internet connection is great with every other laptop and computer in the house.",0.50030607,0.99938786,G,
42694,RID_2443156208,AmazonBasics AAA Performance Alkaline Batteries (36 Count),5,FALSE,"I love having a box of these. They are packed in bundles of 4. This makes them a lot less mess. They seem to last just as long as other big name brands, and are cheaper. They are in the drawer, with a box of AA and 9v. All in their own boxes and easy to grab and get some out. No more ziplock bag full of random batteries.",0.49965703,0.99931407,G,
43765,RID_2891680822,AmazonBasics AAA Performance Alkaline Batteries (36 Count),5,FALSE,"These are just as good as Duracell or Eveready brands. So much cheaper to subscribe to these than giving up the big bucks at the store, and having to run out and get them too.",0.50035006,0.9992999,G,
22583,RID_7305086495,"Echo (White),,,
Echo (White),,,",5,TRUE,I love it. Alexa she does everything I need it plays music,0.50035095,0.9992981,F,
1533,RID_3398234002,"All-New Fire HD 8 Tablet, 8 HD Display, Wi-Fi, 16 GB - Includes Special Offers, Magenta",5,TRUE,Always a good price and good for what it's meant for.,0.5003754,0.9992492,G,
40105,RID_4453453605,AmazonBasics AAA Performance Alkaline Batteries (36 Count),5,FALSE,No issues Amazon Basic batteries.,0.4996118,0.9992236,F,
20576,RID_5280104854,"Kindle Voyage E-reader, 6 High-Resolution Display (300 ppi) with Adaptive Built-in Light, PagePress Sensors, Wi-Fi - Includes Special Offers,",5,TRUE,Great product. Great for the beach or reading at anytime anywhere,0.49960583,0.99921167,G,
53444,RID_2424883769,"Fire Tablet, 7 Display, Wi-Fi, 16 GB - Includes Special Offers, Black",5,TRUE,This Fire worked great but I returned it because it was not the one I wantedBest Buy took it back for a full refund with no problems Best Buy is alsome,0.50042254,0.9991549,G,
55819,RID_2424883769,"Fire Tablet with Alexa, 7 Display, 16 GB, Magenta - with Special Offers",5,TRUE,This Fire worked great but I returned it because it was not the one I wantedBest Buy took it back for a full refund with no problems Best Buy is alsome,0.50042254,0.9991549,G,
10722,RID_1039257739,"Fire Tablet, 7 Display, Wi-Fi, 8 GB - Includes Special Offers, Magenta",5,TRUE,The kindle is light and easy to use. Was able to get up and running within 10 minutes. Easy to charge. Programs are easy to view for older eyes. Perfect starter technology for the no tech generation.,0.5004346,0.99913085,G,
45265,RID_4363347959,AmazonBasics AA Performance Alkaline Batteries (48 Count) - Packaging May Vary,5,FALSE,These batteries have a lot of power.My calculate acts like its on steroids.,0.50044817,0.99910367,G,
19773,RID_3262806470,"Amazon Kindle Paperwhite - eBook reader - 4 GB - 6 monochrome Paperwhite - touchscreen - Wi-Fi - black,,,",5,TRUE,"We have 3 Kindles, all paper white models. They are lighter than the original model with the light on a spring. Both my grandson and I have iPads which we use for internet etc. The Kindles are the best for reading which helps encourage young readers.",0.49949518,0.99899036,G,
9099,RID_6745490475,"Fire Tablet, 7 Display, Wi-Fi, 8 GB - Includes Special Offers, Magenta",4,TRUE,I bought this as a gift for a friend with a small child. The low cost of the tablet and general sturdiness of it made it ideal for her little one to play with and be entertained with the children's apps. Good tablet for day to day use.,0.49948925,0.9989785,G,
5601,RID_8238560350,"Fire Tablet, 7 Display, Wi-Fi, 8 GB - Includes Special Offers, Magenta",5,TRUE,"excellent choice for a 3,8,10,and 11 year old child.i made a great choice when i decided to purchase 2 of the 7 inch tablets for christmas gifts.i am very pleased.",0.4994853,0.9989706,G,
18174,RID_9546719188,"Amazon Kindle Paperwhite - eBook reader - 4 GB - 6 monochrome Paperwhite - touchscreen - Wi-Fi - black,,,",5,TRUE,"This is my third Kindle & each one has been excellent. My most recent purchase was the Paperwhite because of the built in light. I really enjoy reading with, especially in dark places.",0.49948335,0.9989667,G,
29598,RID_9265268806,Unknown Product,5,TRUE,This product is amazing and I would recommended to anybody!!!,0.49947917,0.99895835,G,
33436,RID_6593626284,Unknown Product,5,TRUE,Very easy to use. Great for travel. Access to many many movies.,0.5005389,0.9989222,G,
4781,RID_3727091588,"Fire Tablet, 7 Display, Wi-Fi, 8 GB - Includes Special Offers, Magenta",5,TRUE,Great tablet especially for the price.Brother loved it for Christmas.,0.5005405,0.998919,G,
11552,RID_4045707831,"Fire Tablet, 7 Display, Wi-Fi, 8 GB - Includes Special Offers, Magenta",4,TRUE,"I bought this for my 7 yr. old, for reading, games, and netflix. The only minor annoyance are the ads. Its a little difficult for young new users at first, but she will figure it out! Overall a great purchase!!",0.49944356,0.9988871,G,
22188,RID_2702979532,"Echo (White),,,
Echo (White),,,",4,TRUE,"We like our Echo, but maybe slightly pricey. It's a great speaker; easy to set-up & connects to you phone.",0.49942297,0.99884593,G,
29765,RID_7948827101,Unknown Product,5,TRUE,Great little streaming device. Mainly use for Netflix and Playstation Vue,0.5005805,0.998839,G,
23338,RID_4089943341,"Echo (White),,,
Echo (White),,,",5,TRUE,"Easy to set up and use. We use her all the time to set alarms, check weather turn lights on and off, listen to music, etc. I liked it so much I bought one for my Mom and Brother for Christmas.",0.49941656,0.9988331,G,
20389,RID_1791136831,"Kindle Voyage E-reader, 6 High-Resolution Display (300 ppi) with Adaptive Built-in Light, PagePress Sensors, Wi-Fi - Includes Special Offers,",5,TRUE,Been a Kindle fan since 1.0. Keeps getting better. I thought the original Paperwhite was perfect however the extra storage and speed are needed and a welcome addition.,0.50059557,0.99880886,G,
52370,RID_1133735707,"All-New Fire HD 8 Tablet, 8 HD Display, Wi-Fi, 16 GB - Includes Special Offers, Black",5,TRUE,this tablet has the best battery ive ever seen. The picture is great too.,0.5006037,0.99879265,G,
59463,RID_1133735707,"Fire HD 8 Tablet with Alexa, 8 HD Display, 16 GB, Tangerine - with Special Offers",5,TRUE,this tablet has the best battery ive ever seen. The picture is great too.,0.5006037,0.99879265,G,
3245,RID_5098934234,"Amazon 5W USB Official OEM Charger and Power Adapter for Fire Tablets and Kindle eReaders,,,
Amazon 5W USB Official OEM Charger and Power Adapter for Fire Tablets and Kindle eReaders,,,",1,FALSE,Over Priced due to the cost of Kindle at 289.00. Should come with Kindle.,0.49938682,0.99877363,G,
42267,RID_3600158305,AmazonBasics AAA Performance Alkaline Batteries (36 Count),5,FALSE,"Great price! I found no difference in the longevity of these batteries, as the more expensive brands.",0.5006514,0.99869716,G,
30646,RID_6272692451,Unknown Product,4,TRUE,This FireTV has more streaming options than many of the other devices I have tried. It is now a mainstay in my home.,0.50065583,0.99868834,G,
43271,RID_2207445238,AmazonBasics AAA Performance Alkaline Batteries (36 Count),1,FALSE,I ordered these batteries 2 months ago. I don't really have a lot of things that require AAA batteries. My tv remote finally died and I put in these batteries. And my remote tells me that these brand new batteries are low.,0.49932915,0.9986583,G,
48020,RID_7492192298,AmazonBasics AA Performance Alkaline Batteries (48 Count) - Packaging May Vary,5,FALSE,They dooooo the job at amore reasonable price.,0.4993162,0.9986324,F,
5880,RID_2814401927,"Fire Tablet, 7 Display, Wi-Fi, 8 GB - Includes Special Offers, Magenta",4,TRUE,Friendly user for kids enjoyed being able to read books.,0.50069547,0.99860907,G,
45407,RID_1855818750,AmazonBasics AA Performance Alkaline Batteries (48 Count) - Packaging May Vary,1,FALSE,"I put two of these batteries in my wireless mouse and in less than two hours use, they had burned up. The mouse quit working and I went to check the batteries and they literally burned my fingers trying to get them out. I will throw the rest of them away and NEVER buy these again.I know I'll never get my money back. I'll just write it off as a lesson learned.",0.50072813,0.99854374,G,
24353,RID_3525153025,"Echo (White),,,
Echo (White),,,",5,TRUE,"Only used a few times since I bought it, but the few questions I asked answered them fast and correctly",0.49925914,0.9985183,G,
17339,RID_1320157663,"Amazon Kindle Paperwhite - eBook reader - 4 GB - 6 monochrome Paperwhite - touchscreen - Wi-Fi - black,,,",4,TRUE,My 3 yr old son loves his tablet. He takes it almost everywhere and it keeps him entertained.,0.4992504,0.9985008,G,
2441,RID_6141700713,"All-New Fire HD 8 Tablet, 8 HD Display, Wi-Fi, 16 GB - Includes Special Offers, Magenta",5,TRUE,nice tabket for the money with many nice features and durable,0.49923924,0.9984785,G,
59144,RID_6550241711,"Fire HD 8 Tablet with Alexa, 8 HD Display, 16 GB, Tangerine - with Special Offers",5,TRUE,nice tabket for the money with many nice features and durable,0.49923924,0.9984785,G,
42370,RID_1884541411,AmazonBasics AAA Performance Alkaline Batteries (36 Count),5,FALSE,Amazon batteries are high quality.,0.49922118,0.99844235,F,
24061,RID_3788709194,"Echo (White),,,
Echo (White),,,",5,TRUE,Excellent product by Amazon. Many uses to make my life easier and fun. I have 2 Echos and a Dot. Well worth the money.,0.5007893,0.99842143,G,
34589,RID_7037039912,Unknown Product,5,TRUE,"Simply the best to watch tv series and movies. It works even better if you are an Amazon Prime subscriber, with access to a many free goodies.",0.49917537,0.99835074,G,
365,RID_6720998656,"All-New Fire HD 8 Tablet, 8 HD Display, Wi-Fi, 16 GB - Includes Special Offers, Magenta",5,TRUE,I purchased this tablet mostly for entertainment. I enjoy playing games and this tablet is great for that purpose. Also plan on using it for reading electronic books.,0.49916634,0.9983327,G,
21615,RID_4243028519,"Echo (White),,,
Echo (White),,,",5,TRUE,"When I purchased the Kindle, I was doing a lot of travel. It was great having access to material that had been downloaded prior to leaving.Great item for all ages.",0.50084484,0.9983103,G,
26254,RID_5721136231,"Amazon Fire Tv,,,
Amazon Fire Tv,,,",5,TRUE,Echo works great and she is much funnier then Siri for sure and they are expanding her capacity all the time. Well worth the money,0.50086194,0.9982761,G,
51319,RID_5630505853,"All-New Fire HD 8 Tablet, 8 HD Display, Wi-Fi, 16 GB - Includes Special Offers, Black",5,TRUE,The screen size is good and the HD pictures are clear. I also like the camera photos. They are better than my cell phone camera. The size of the pictures are great. I would recommend this Fire HD for the ease of use.,0.49913308,0.99826616,G,
58814,RID_5630505853,"Fire HD 8 Tablet with Alexa, 8 HD Display, 16 GB, Tangerine - with Special Offers",5,TRUE,The screen size is good and the HD pictures are clear. I also like the camera photos. They are better than my cell phone camera. The size of the pictures are great. I would recommend this Fire HD for the ease of use.,0.49913308,0.99826616,G,
28516,RID_5102296574,Unknown Product,5,TRUE,"I have been watching the reviews online and checking with friends that have purchased the Echo to see how much they liked or disliked its features. Last person I talked to went on and on about all the things there were using it for and that persuaded me it was time and Amazon Prime Day was the perfect opportunity to go for it. Amazon did a fantastic job of creating this tubular info-taining command center! There are so many cool and awesome things its able to do that I'll hit the highlights that work for our household. First, we love that it follows your voice in the room (the circle lighting will show which direction it is 'listening'), the speaker is wonderfully balanced, so whether listening to music, the news or to Alexa speaking, I have nothing but high marks for its sound quality, given its size. Next, set up (after downloading the app to our iPhones) was quick, easy and very intuitive. The more you look over the app, the more you will realize a world of 'skills' that the unit is able to perform once they are turned on and you master the right sequence of keywords to initialize them. We've added things to shopping lists, while asking about the weather and our calendar of events and then asked Alexa to change the temp of our Nest thermostats in various parts of the house, simply by saying her name and then our commands, sometimes sitting in the living room or simply pass through - she is always there listening and ready. We've ordered some LED programmable lights and I can hardly wait for Alexa to help set the mood in the house, room to room, all from a simple voice request. Even though we are fairly tech savvy and have phone, tablets and watches that can control devices, its HUGE to just ask for something and a pleasant voice setting it in motion.I am a regular Amazon Prime shopper and reviewer, if my review helped you in making up your mind about whether to purchase the Echo, please mark the ‘Helpful’ button, it tells Amazon that folks are in fact reading reviews like this. Thanks!",0.4991251,0.9982502,G,
18188,RID_4166206511,"Amazon Kindle Paperwhite - eBook reader - 4 GB - 6 monochrome Paperwhite - touchscreen - Wi-Fi - black,,,",5,TRUE,We bought this to use instead of an IPad for reading books. It's a great buy! no glare from sunlight or lightbulbs and super light and easy to carry around!,0.49910894,0.9982179,G,
40418,RID_4972285588,AmazonBasics AAA Performance Alkaline Batteries (36 Count),5,FALSE,"These work fine, no bad ones found yet.",0.4990991,0.9981982,F,
2414,RID_8556565550,"All-New Fire HD 8 Tablet, 8 HD Display, Wi-Fi, 16 GB - Includes Special Offers, Magenta",4,TRUE,"Works good, has very nice screen brightness and resolution",0.498975,0.99795,G,
14788,RID_7392453918,"Brand New Amazon Kindle Fire 16gb 7 Ips Display Tablet Wifi 16 Gb Blue,,,",4,TRUE,"Purchased this for my grandson. It works great. However, if I were to do it over again I would spend the extra $$$ to get the one without the ads. They drive you crazy. The ads make the cheaper unit really frustrating.",0.49896228,0.99792457,F,
53254,RID_4540031534,"Fire Tablet, 7 Display, Wi-Fi, 16 GB - Includes Special Offers, Black",4,TRUE,"Purchased this for my grandson. It works great. However, if I were to do it over again I would spend the extra $$$ to get the one without the ads. They drive you crazy. The ads make the cheaper unit really frustrating.",0.49896228,0.99792457,F,
55668,RID_4540031534,"Fire Tablet with Alexa, 7 Display, 16 GB, Magenta - with Special Offers",4,TRUE,"Purchased this for my grandson. It works great. However, if I were to do it over again I would spend the extra $$$ to get the one without the ads. They drive you crazy. The ads make the cheaper unit really frustrating.",0.49896228,0.99792457,F,
11764,RID_7781877018,"Fire Tablet, 7 Display, Wi-Fi, 8 GB - Includes Special Offers, Magenta",5,TRUE,This is perfect cause my nephew is more calm.. this tablet is awesome. He loves it.,0.49895388,0.99790776,G,
31557,RID_2963608766,Unknown Product,5,TRUE,Absolutely love it! Watch movies all the time. Great investment!,0.501058,0.99788404,G,
10212,RID_5890028511,"Fire Tablet, 7 Display, Wi-Fi, 8 GB - Includes Special Offers, Magenta",5,TRUE,We bought this for our youngest 2 now our oldest 2 wants one! What's great is the price and you can expand it from 8gb up to 128gb I believe!,0.49892348,0.99784696,G,
2139,RID_1064860754,"All-New Fire HD 8 Tablet, 8 HD Display, Wi-Fi, 16 GB - Includes Special Offers, Magenta",5,TRUE,Screen size good for older people. Great resolution and easy to use.,0.5011009,0.9977982,G,
28221,RID_6492944409,Unknown Product,5,TRUE,"I have implemented several smart devices throughout our home like Nest thermostats, a Sonos controller, WeMo switches, a Dropcam HD camera and a Ring doorbell. The Echo is quickly becoming the smart hub to control many of these devices. Setup was quick and easy. Integration with my Pandora and Spotify accounts was a breeze. Now I just need to patiently wait for my Echo to beginning offering Sonos control.",0.49888662,0.99777323,G,
37034,RID_7803200737,"Kindle E-reader - White, 6 Glare-Free Touchscreen Display, Wi-Fi - Includes Special Offers",5,FALSE,"The Amazon Kindle is a series of e-readers designed and marketed by Amazon. Amazon Kindle devices enable users to browse, buy, download, and read e-books, newspapers, magazines and other digital media via wireless networking to the Kindle Store.",0.49885505,0.9977101,F,
10401,RID_3133225604,"Fire Tablet, 7 Display, Wi-Fi, 8 GB - Includes Special Offers, Magenta",5,TRUE,Enjoy playing games and checking email and face book on this. Still learning everything it can do.,0.5011514,0.99769723,G,
12623,RID_5158289734,"Fire Tablet, 7 Display, Wi-Fi, 8 GB - Includes Special Offers, Magenta",4,TRUE,"I bought this for my son to have access to Netflix and a few games. Although I think the parental controls are too complicated, I really like the tablet.",0.4988454,0.9976908,G,
53182,RID_8584862303,"Fire Tablet, 7 Display, Wi-Fi, 16 GB - Includes Special Offers, Black",5,TRUE,"features are similar to my fire 6 and this upgrade is good. I wish it was lighter in weight, although I enjoy the larger screen.",0.49884105,0.9976821,G,
55604,RID_8584862303,"Fire Tablet with Alexa, 7 Display, 16 GB, Magenta - with Special Offers",5,TRUE,"features are similar to my fire 6 and this upgrade is good. I wish it was lighter in weight, although I enjoy the larger screen.",0.49884105,0.9976821,G,
52214,RID_7728978753,"All-New Fire HD 8 Tablet, 8 HD Display, Wi-Fi, 16 GB - Includes Special Offers, Black",5,TRUE,"Purchased to replace the one I bought for my brother in August (physical damage). This time, bought the extended warranty. No issues or claims so far!",0.49883428,0.99766856,F,
59373,RID_7728978753,"Fire HD 8 Tablet with Alexa, 8 HD Display, 16 GB, Tangerine - with Special Offers",5,TRUE,"Purchased to replace the one I bought for my brother in August (physical damage). This time, bought the extended warranty. No issues or claims so far!",0.49883428,0.99766856,F,
26903,RID_1939453791,"Amazon Fire Tv,,,
Amazon Fire Tv,,,",5,TRUE,Bought 3 of these for gifts. I am in love with Alexa. She learns new things daily and is easy to understand.,0.5011874,0.99762523,G,
25480,RID_9040134194,"Amazon Fire Tv,,,
Amazon Fire Tv,,,",5,TRUE,"Alexa what's the weather like today? Alexa what is 256 times 122? Alexis play soft rock. You ask, and the unit goes to the web and gets you the answer or in one case the music. What more needs to be said?",0.5012057,0.99758863,G,
54679,RID_1936190870,"All-New Fire HD 8 Tablet with Alexa, 8 HD Display, 16 GB, Marine Blue - with Special Offers",5,TRUE,"Small, powerful, and does well. I love this thing. It has all the apps I‚Äôd want a tablet to have and performs very well. My only complaint would be battery life being a bit on the poor side - but that‚Äôs my complaint with most of my electronics.",0.501221,0.997558,F,
53543,RID_5086839124,"Amazon Fire HD 8 with Alexa (8"" HD Display Tablet)",5,TRUE,"For $50its a great 8in tablet, quality and speed was not what expected. It's fast and video quality is great",0.50127053,0.99745893,G,
20182,RID_3728980950,"Amazon Kindle Paperwhite - eBook reader - 4 GB - 6 monochrome Paperwhite - touchscreen - Wi-Fi - black,,,",5,FALSE,"It's a great product, but giving the price, you can find the same thing in the form of a cheap tablet that does more. Still a solid product tho",0.4986944,0.9973888,G,
14578,RID_3804110459,"Brand New Amazon Kindle Fire 16gb 7 Ips Display Tablet Wifi 16 Gb Blue,,,",4,TRUE,Good value for the price. Little bit heavy to carry.,0.50134975,0.9973005,G,
19224,RID_1338868751,"Amazon Kindle Paperwhite - eBook reader - 4 GB - 6 monochrome Paperwhite - touchscreen - Wi-Fi - black,,,",5,TRUE,This is my 2nd kindle. I had a 2nd generation. The paper white screen clarity is excellent and it's very light.,0.5013522,0.9972956,G,
10647,RID_3819080914,"Fire Tablet, 7 Display, Wi-Fi, 8 GB - Includes Special Offers, Magenta",5,TRUE,"Enjoyed this tablet. Easy to use, light weight to hold and good size carry in your purse",0.50135636,0.9972873,G,
27299,RID_9077787246,"Amazon Fire Tv,,,
Amazon Fire Tv,,,",4,TRUE,Alexa has been a great addition to our home. She does many things that we have not began to explore. We just got this for Christmas and look forward to advancing our home with Alexa.,0.49863333,0.99726665,G,
39874,RID_5375318173,AmazonBasics AAA Performance Alkaline Batteries (36 Count),5,FALSE,I love it.,0.49862763,0.99725527,F,
46105,RID_5375318173,AmazonBasics AA Performance Alkaline Batteries (48 Count) - Packaging May Vary,5,FALSE,I love it.,0.49862763,0.99725527,F,
15999,RID_2673577431,"Fire Kids Edition Tablet, 7 Display, Wi-Fi, 16 GB, Green Kid-Proof Case",5,TRUE,Great camera for a beginner very easy to understand,0.5014196,0.9971608,G,
17032,RID_4716692657,"Fire Kids Edition Tablet, 7 Display, Wi-Fi, 16 GB, Green Kid-Proof Case",5,TRUE,Got one for my 4yr old. She loves it. It's very durable. I love that I can switch accounts and use it for myself too.,0.50142527,0.99714947,G,
50230,RID_7262765092,"Fire Kids Edition Tablet, 7 Display, Wi-Fi, 16 GB, Pink Kid-Proof Case",5,TRUE,Got one for my 4yr old. She loves it. It's very durable. I love that I can switch accounts and use it for myself too.,0.50142527,0.99714947,G,
56363,RID_7262765092,"Fire Kids Edition Tablet, 7 Display, Wi-Fi, 16 GB, Blue Kid-Proof Case",5,TRUE,Got one for my 4yr old. She loves it. It's very durable. I love that I can switch accounts and use it for myself too.,0.50142527,0.99714947,G,
43221,RID_5754164933,AmazonBasics AAA Performance Alkaline Batteries (36 Count),2,FALSE,It only took my little demons 3 days to figure out how to jimmie this thing open. It was really great while it lasted though.,0.5014736,0.9970528,G,
27282,RID_4342798332,"Amazon Fire Tv,,,
Amazon Fire Tv,,,",5,TRUE,so far daughter really likes it and it alexa sang her Happy Birthday! had no problem with getting it started either.,0.49852332,0.99704665,G,
46292,RID_4723924353,AmazonBasics AA Performance Alkaline Batteries (48 Count) - Packaging May Vary,5,FALSE,Quality batteries that don't break the bank,0.49848124,0.9969625,G,
32850,RID_8417817325,Unknown Product,5,TRUE,"The Fire TV box definitely connects faster when using for streaming well worth the money at Best Buy.com definitely recommend it. No buffering, Stable!",0.49848047,0.99696094,G,
21519,RID_1502888879,"Echo (White),,,
Echo (White),,,",5,TRUE,This is the third kindle i have purchased they ate easy to operate,0.4984617,0.9969234,G,
11219,RID_8992125262,"Fire Tablet, 7 Display, Wi-Fi, 8 GB - Includes Special Offers, Magenta",4,TRUE,Nice packaging. Easy setup. Great for a middle schooler.,0.49845898,0.99691796,G,
43875,RID_1165137406,AmazonBasics AAA Performance Alkaline Batteries (36 Count),2,FALSE,"Maybe I got a bad batch. However, with 48 batteries, you'd think if that were the case that some of them would work well, and for me they have not. The main way these are being used are in an Xbox remote. The Xbox is only used to run Netflix, Hulu, and Amazon Video on our tv, so I am basically using the game remote as a TV remote. It is never used for playing video games. That being said, I am lucky if a set of 2 of these batteries lasts 10 days in this remote. That is a far cry from name brand batteries I have bought. I purchased these thinking they would be a great deal. However, going through them 3x as fast as other batteries makes them a worse value, not to mention it is annoying to have to change them out so often. I will use up the ones I already bought, then I will not be buying any more.",0.50154525,0.9969095,G,
47905,RID_1165137406,AmazonBasics AA Performance Alkaline Batteries (48 Count) - Packaging May Vary,2,FALSE,"Maybe I got a bad batch. However, with 48 batteries, you'd think if that were the case that some of them would work well, and for me they have not. The main way these are being used are in an Xbox remote. The Xbox is only used to run Netflix, Hulu, and Amazon Video on our tv, so I am basically using the game remote as a TV remote. It is never used for playing video games. That being said, I am lucky if a set of 2 of these batteries lasts 10 days in this remote. That is a far cry from name brand batteries I have bought. I purchased these thinking they would be a great deal. However, going through them 3x as fast as other batteries makes them a worse value, not to mention it is annoying to have to change them out so often. I will use up the ones I already bought, then I will not be buying any more.",0.50154525,0.9969095,G,
33546,RID_1340335234,Unknown Product,4,TRUE,I purchased this to watch Amazon Prime programing and Playstation Vue.This is way faster than the Fire Stick. Although I still have occasional glitches I can't for sure say its from the Fire TV versus the services.,0.4984312,0.9968624,G,
29211,RID_1012125629,Unknown Product,4,TRUE,"Love that the Tap is portable. Drag it all around the house and outside. I'm not an audiophile, but I think the sound quality is very good except at the highest level. Only wish it was always listening when it is charging on the dock.",0.50156975,0.9968605,G,
47990,RID_4761787799,AmazonBasics AA Performance Alkaline Batteries (48 Count) - Packaging May Vary,5,FALSE,These seem to work well in my household items. I have used them mostly in my remotes. I have no complaints!,0.49836215,0.9967243,G,
33913,RID_6201600576,Unknown Product,5,TRUE,WORKS VERY WELL ITS VERY FAST AND MAKES LOOKING FOR YOUR SHOWS A REAL TREAT MUCH FASTER THEN THE OTHER MODELS IVE USED I SAY GOOD JOB,0.50166285,0.9966743,G,
44680,RID_8761135137,AmazonBasics AAA Performance Alkaline Batteries (36 Count),5,FALSE,"What is there not to like Combined with an alkaline battery charger (like the idigital one) it works great and the batteries are really cheap. So what if these get fewer recharges, you get 4x as many for the price. Just don't charge them in a regular charger, it requires a special battery charger that specifically has alkaline support or it will explode.",0.50166893,0.99666214,G,
36689,RID_1513534071,"All-New Fire HD 8 Tablet, 8 HD Display, Wi-Fi, 32 GB - Includes Special Offers, Blue",5,TRUE,Got this for my Daughter-in-Law and she loves it. Does exactly what she needs it to do.,0.4982832,0.9965664,G,
37320,RID_1513534071,"Fire HD 8 Tablet with Alexa, 8"" HD Display, 32 GB, Tangerine - with Special Offers",5,TRUE,Got this for my Daughter-in-Law and she loves it. Does exactly what she needs it to do.,0.4982832,0.9965664,G,
37384,RID_1513534071,"All-New Fire HD 8 Tablet, 8"" HD Display, Wi-Fi, 32 GB - Includes Special Offers, Black",5,TRUE,Got this for my Daughter-in-Law and she loves it. Does exactly what she needs it to do.,0.4982832,0.9965664,G,
34418,RID_1016154540,Unknown Product,5,TRUE,Not very much 4k content but it still get the job done,0.498276,0.996552,F,
25818,RID_6566968864,"Amazon Fire Tv,,,
Amazon Fire Tv,,,",5,TRUE,Love having the Echo for listening to music and using it to turn my lights on and off by voice with Phillips Hue lighting system.,0.498274,0.996548,G,
41781,RID_8616812768,AmazonBasics AAA Performance Alkaline Batteries (36 Count),5,FALSE,I am using these for wireless microphones that are often left on. The price is fantastic for the quantity of batteries. They work just as well as name brands in the products I am using them with.,0.49826285,0.9965257,G,
26541,RID_4735928329,"Amazon Fire Tv,,,
Amazon Fire Tv,,,",2,TRUE,I returned this to the store cuz I realised I didn't need music or lighting control. I replaced it with the echo dot. Disappointed because didn't know I needed wifi which I don't have.,0.50174093,0.99651814,G,
19746,RID_6886207441,"Amazon Kindle Paperwhite - eBook reader - 4 GB - 6 monochrome Paperwhite - touchscreen - Wi-Fi - black,,,",5,TRUE,"I received my new Kinkle Paperwhite! I'm an avid reader at night - sometimes well into the early morning hours. This Kindle is the best - so lightweight and you can adjust the light in the background...best of all, the print adjusts to your choice of size and style and after reading for many hours, it's great to know I can make the type larger. So lightweight you never even realize you are holding it. Love, Love, Love it. Oh, and it is very, very easy to set up.",0.49825263,0.99650526,G,
3528,RID_7177892990,"Fire Tablet, 7 Display, Wi-Fi, 8 GB - Includes Special Offers, Magenta",4,TRUE,"I am loving my new Kindle! I have wanted one for a while and finally bought one, and even though it was the cheapest one, it has exceeded my expectations. I love how there is no glare.",0.4982502,0.9965004,F,
57110,RID_4199347065,"Kindle E-reader - White, 6 Glare-Free Touchscreen Display, Wi-Fi - Includes Special Offers",4,TRUE,"I am loving my new Kindle! I have wanted one for a while and finally bought one, and even though it was the cheapest one, it has exceeded my expectations. I love how there is no glare.",0.4982502,0.9965004,F,
2604,RID_2815655311,"All-New Fire HD 8 Tablet, 8 HD Display, Wi-Fi, 16 GB - Includes Special Offers, Magenta",3,TRUE,"Good size screen and clarity for the money. Seems fairly robust. The biggest problem is putting apps on it, at least free games. They do not have a great selection and when I put them on some of them require you turn on tracking so they can collect information or they won't let you play it",0.50177133,0.99645734,G,
49526,RID_5710085508,"All-New Fire HD 8 Tablet, 8 HD Display, Wi-Fi, 16 GB - Includes Special Offers, Black",3,TRUE,"Good size screen and clarity for the money. Seems fairly robust. The biggest problem is putting apps on it, at least free games. They do not have a great selection and when I put them on some of them require you turn on tracking so they can collect information or they won't let you play it",0.50177133,0.99645734,G,
8747,RID_8575755005,"Fire Tablet, 7 Display, Wi-Fi, 8 GB - Includes Special Offers, Magenta",4,TRUE,purchased as a gift for my mom and she loves it. great starter tablet.,0.5017746,0.9964508,G,
25685,RID_7076112604,"Amazon Fire Tv,,,
Amazon Fire Tv,,,",5,TRUE,It's great. I can control my 2 a/c thermostats and tv with it. Looking for more things i can control with.,0.4982251,0.9964502,G,
12867,RID_7441201333,"Fire Tablet, 7 Display, Wi-Fi, 8 GB - Includes Special Offers, Magenta",4,TRUE,"Excellent and affordable product. It came as advertised. Not top of the line, but not at the end of the line. More than a fair product. Good and fast.Can handle almost all thrown at it. Resolution is passable.",0.5018074,0.9963852,G,
2239,RID_6327860904,"All-New Fire HD 8 Tablet, 8 HD Display, Wi-Fi, 16 GB - Includes Special Offers, Magenta",2,TRUE,"The headphone jack restarts the tablet when you plug the headphone cord into it. That is why I am giving the product only 2 stars. Otherwise, the screen is great.",0.5018234,0.99635315,G,
57640,RID_6456950835,"Fire HD 8 Tablet with Alexa, 8 HD Display, 16 GB, Tangerine - with Special Offers",2,TRUE,"The headphone jack restarts the tablet when you plug the headphone cord into it. That is why I am giving the product only 2 stars. Otherwise, the screen is great.",0.5018234,0.99635315,G,
29189,RID_5168318615,Unknown Product,5,TRUE,"I picked this up after purchasing an Echo. I wanted something battery powered that would work the same as my Echo. I use both devices mostly for music. It's great to be able to hear Pandora, or my Amazon music library with just the speaker now and not have to use my phone, laptop, etc. I can just grab the Tap and go anywhere in my house, outside to the deck, anywhere that I my wireless will reach.",0.50190645,0.9961871,G,
5607,RID_9090643684,"Fire Tablet, 7 Display, Wi-Fi, 8 GB - Includes Special Offers, Magenta",5,TRUE,"My mom is not computer savvy, however she has really taken to the tablet. It is easy to us and just the right size for her to handle. So glad that Best Buy recommended this product for her.",0.5019098,0.9961804,G,
17192,RID_5817591694,"Amazon Kindle Paperwhite - eBook reader - 4 GB - 6 monochrome Paperwhite - touchscreen - Wi-Fi - black,,,",1,FALSE,This product wouldn't turn on nor charge and then store couldn't locate another one for me.,0.5019269,0.9961462,G,
48274,RID_6140560117,AmazonBasics AA Performance Alkaline Batteries (48 Count) - Packaging May Vary,5,FALSE,So far these batteries are performing well and the price was unbeatable too.,0.5019345,0.99613094,G,
45319,RID_4060748202,AmazonBasics AA Performance Alkaline Batteries (48 Count) - Packaging May Vary,4,FALSE,"Decent batteries, I find they die a little quicker than others, but still fine for the price",0.50193715,0.9961257,G,
6171,RID_1392724690,"Fire Tablet, 7 Display, Wi-Fi, 8 GB - Includes Special Offers, Magenta",4,TRUE,My son love this tab and I recommend this. This is a great product.,0.49805707,0.99611413,G,
28702,RID_8851225418,Unknown Product,4,TRUE,"I bought this tablet for my wife. She likes the size for reading books and for reading info on the web. The tablet's size is a little big for just holding it and for carrying it around. It also has to be charged often, and that's not even considering time reading books. Hard to find a case for this latest kindle.",0.49803063,0.99606127,G,
44794,RID_3740784360,AmazonBasics AAA Performance Alkaline Batteries (36 Count),5,FALSE,No problems so far. Seem to last a long time. Very happy. Great deal.,0.49801463,0.99602926,G,
48314,RID_3740784360,AmazonBasics AA Performance Alkaline Batteries (48 Count) - Packaging May Vary,5,FALSE,No problems so far. Seem to last a long time. Very happy. Great deal.,0.49801463,0.99602926,G,
20130,RID_2974479932,"Amazon Kindle Paperwhite - eBook reader - 4 GB - 6 monochrome Paperwhite - touchscreen - Wi-Fi - black,,,",5,TRUE,I read lots and this one is the best so far!!!!!!!,0.49796578,0.99593157,G,
18865,RID_8727361010,"Amazon Kindle Paperwhite - eBook reader - 4 GB - 6 monochrome Paperwhite - touchscreen - Wi-Fi - black,,,",5,TRUE,Lightweight and handy to use. Nice one if you love reading and dont want to keep too many books in your bag :),0.5020373,0.9959254,G,
36608,RID_1968851157,"Fire Kids Edition Tablet, 7 Display, Wi-Fi, 16 GB, Blue Kid-Proof Case",5,TRUE,"Overall, the tablet is well constructed and well engineered. The 'excited factor' for my son wore off quickly, including the included app services. Nothing negative to report, but nothing unexpected in a positive sense either.",0.49792197,0.99584395,G,
52263,RID_1968851157,"Fire Kids Edition Tablet, 7 Display, Wi-Fi, 16 GB, Pink Kid-Proof Case",5,TRUE,"Overall, the tablet is well constructed and well engineered. The 'excited factor' for my son wore off quickly, including the included app services. Nothing negative to report, but nothing unexpected in a positive sense either.",0.49792197,0.99584395,G,
44872,RID_1542958640,AmazonBasics AAA Performance Alkaline Batteries (36 Count),4,FALSE,Seem to be long-lasting. Works just great.,0.5021074,0.99578524,G,
48354,RID_1542958640,AmazonBasics AA Performance Alkaline Batteries (48 Count) - Packaging May Vary,4,FALSE,Seem to be long-lasting. Works just great.,0.5021074,0.99578524,G,
16726,RID_2185943197,"Fire Kids Edition Tablet, 7 Display, Wi-Fi, 16 GB, Green Kid-Proof Case",4,TRUE,First time using Amazon Fire programming. So far my child and I love the apps and programs. I really love the parental limits and time limits I can set. And that I can set learning and reading limits before play.,0.497855,0.99571,G,
56515,RID_1004227391,"Fire Kids Edition Tablet, 7 Display, Wi-Fi, 16 GB, Blue Kid-Proof Case",4,TRUE,First time using Amazon Fire programming. So far my child and I love the apps and programs. I really love the parental limits and time limits I can set. And that I can set learning and reading limits before play.,0.497855,0.99571,G,
2993,RID_1686207323,"All-New Fire HD 8 Tablet, 8 HD Display, Wi-Fi, 32 GB - Includes Special Offers, Magenta",4,TRUE,"This tablet is designed primarily to sell, distribute and store media purchased from the Amazon.com product line, ie Kindle e-books, movies viewed or stored from their online movie streaming service, etc., and it does that very well.Reasonably sharp screen, good sound, good battery life and decent component materials. It uses their version of the Android OS which they call the Fire OS which is decently responsive and fairly intuitive to use - Be aware that you cannot install or run most apps purchased from the Google Play store, but must rely on Amazon's own app store which is decent, but not as extensive as either Apple's or Google's.",0.50217927,0.99564147,G,
34610,RID_4586844978,Unknown Product,5,FALSE,This cord works great! I also love that it is longer than the original cord. The USB is a good thing to have because you could take it with you and plug it into any USB port.,0.49776858,0.99553716,G,
35526,RID_8442769779,Amazon - Echo Plus w/ Built-In Hub - Silver,5,TRUE,Love it. It‚Äôs a lot of fun. Great speakers too provides a lot of great information and fun too!,0.49775162,0.99550325,G,
7866,RID_8905762262,"Fire Tablet, 7 Display, Wi-Fi, 8 GB - Includes Special Offers, Magenta",4,TRUE,i love diz one cheap&best price last year purchase this product,0.5022622,0.99547565,G,
2857,RID_2572976396,"Kindle Oasis E-reader with Leather Charging Cover - Merlot, 6 High-Resolution Display (300 ppi), Wi-Fi - Includes Special Offers,,",5,TRUE,"Despite not being able to get one of these from Amazon until late June due to apparent strong demand, Best Buy was able to get one to me on the day of its release, April 27. Well done Best Buy! Having owned several previous Kindles, including the most recent Paperwhite model, I was unprepared for how small and light this new Oasis model is -- reading about it is one thing, but actually holding one in your hand is something else entirely. The Oasis and its battery-charging cover together weigh only one ounce more than the latest Paperwhite with no case. The Oasis _without_ its cover feels impossibly light at 4.6 ounces. Size-wise, the Oasis is nearly a square shape at about 5"" wide by 5.5"" tall. In fact, the shape is so different from traditional Kindle designs that I had to compare it next to my Paperwhite to verify that the screens are actually the same size (they are). It's the first Kindle I think I could easily fit into a jacket pocket without any effort, For frequent travelers like me, this is a key reason to buy one of these, as it's extremely compact and easy to pack in a briefcase or purse. The screen is the first front-lit Kindle I've ever seen where you simply cannot see any trace of the LEDs from any angle. No dark spots, no bright spots...just a completely uniform illumination from edge to edge in both directions. The ""page"" also appears to be nearly flush with the top glass surface, helping achieve the illusion of printed paper. It's sharp and clear, better than any Kindle I've used. The reader can be easily separated from the battery case by simply pulling them apart, since they are held together with magnets. After doing so, this is where the Amazon engineering team's achievements really become clear, as you just won't believe how lightweight this thing is. It's easy to imagine holding onto it for hours without any arm fatigue, and switching from hand to hand is a simple matter of rotating it 180 degrees when switching. The display instantly rotates, and the page turn buttons also ""follow"", with the top button always used to advance the page, and the bottom button always used to go backward. You can also use the screen to change pages as you always have with earlier touch screen models. The battery on the reader has a lower capacity than the cover's battery, so it runs down faster if you don't have it connected to the case. It's very easy to snap the reader back into its cover, which allows it to recharge while you continue to read. The power button and charge port are located in the upper top-right corner, more or less opposite from where they are on the Paperwhite. I find this location to be less awkward, as it's easier to reach on the top than it is on the bottom edge. The back surface of the reader (not the case) seems to easily attract fingerprints, and they are not so easy to clean off. You'd think that Amazon would have figured out a way to prevent this by now. It's a minor annoyance. Lots of reviewers in the tech press have complained loudly about this model's high price relative to other Kindle models (without ads, it's $310 vs. $139 for an ad-less Paperwhite). Is this a lot of money? Perhaps, but if you are a book addict and value an extremely lightweight reader that's easy on both your arms and your eyes, then I personally think it's worth it. A lot of thought and effort clearly went into designing and building this unit, and the price reflects that. Is it for everyone? Probably not, but there is obviously a market for it when you consider how many months you'll have to wait to get one on Amazon's website. If you are a serious reader, this device deserves a very close look -- I'm definitely keeping mine!",0.4977352,0.9954704,G,
28506,RID_5678311113,Unknown Product,5,TRUE,Having been anticipating this purchase for a while my research was obsessive and not in the slightest bit was my expectations not met. It's been a extension that permits info more rapidly than before with not the need for a screen to see it. Still not lose to explored its limits that expand quicker than I could map figuratively. Love my Alexa!!,0.4977189,0.9954378,G,
26732,RID_4384277103,"Amazon Fire Tv,,,
Amazon Fire Tv,,,",5,TRUE,"Easy setup. Fun to use. Very helpful. I bought this for my in laws and they love be it! Alexa helps keep up with doctors appt, grocery lists and other important things!",0.5022819,0.9954362,G,
42711,RID_1163318060,AmazonBasics AAA Performance Alkaline Batteries (36 Count),5,FALSE,"I keep asking my boss for AAA batteries and he always comes back with three. We have walkie-talkies at work and need these suckers by the palate. After RadioShack shut down next door, it was sort of inconvenient getting more mid-shift, and he was being stingy, so I finally just bought a box and dropped it on his desk. Think he gets it now.",0.49769467,0.99538934,G,
32607,RID_3001599769,Unknown Product,4,TRUE,Item works well. Best choice for Cord Cutters. Wish I did this earlier...,0.4976883,0.9953766,G,
37972,RID_3850281626,AmazonBasics AAA Performance Alkaline Batteries (36 Count),1,FALSE,Theses did not work. Wanted to make sure I had batteries for the item I was purchasing but they did not work. I had to dig some out of my junk drawer.,0.49766847,0.99533695,G,
16227,RID_8852040855,"Fire Kids Edition Tablet, 7 Display, Wi-Fi, 16 GB, Green Kid-Proof Case",5,TRUE,"This was a starter Kindle for my grandson. Since I already have a Kindle Fire Tablet that I love, I had no hesitation buying this for someone else. I chose this tablet because of the childproof case and the extended replacement warranty since the gift was for an adolescent boy.",0.49765086,0.9953017,G,
41560,RID_4298781645,AmazonBasics AAA Performance Alkaline Batteries (36 Count),5,FALSE,Inexpensive but not cheaply made. Good purchase.,0.49760598,0.99521196,G,
46918,RID_4298781645,AmazonBasics AA Performance Alkaline Batteries (48 Count) - Packaging May Vary,5,FALSE,Inexpensive but not cheaply made. Good purchase.,0.49760598,0.99521196,G,
16450,RID_2024359405,"Fire Kids Edition Tablet, 7 Display, Wi-Fi, 16 GB, Green Kid-Proof Case",5,TRUE,I gave this Tablet to my nephew and he can't put it down. It is very Durable. Great Product!,0.50239646,0.9952071,G,
56493,RID_2728565136,"Fire Kids Edition Tablet, 7 Display, Wi-Fi, 16 GB, Blue Kid-Proof Case",5,TRUE,I gave this Tablet to my nephew and he can't put it down. It is very Durable. Great Product!,0.50239646,0.9952071,G,
18642,RID_6392887054,"Amazon Kindle Paperwhite - eBook reader - 4 GB - 6 monochrome Paperwhite - touchscreen - Wi-Fi - black,,,",5,TRUE,"This kindle is great for reading in bright light, especially if you're on the beach. I recommend getting a case for it since it can scratch easily. Very lightweight and easy to carry. Price wasn't too bad either since it was on sale.",0.49757552,0.99515104,G,
34379,RID_3803499593,Unknown Product,4,TRUE,"Overall, my kids love it. I originally had a defective remote, but I was able to return the item and obtain a replacement without any problems.",0.50245553,0.99508893,G,
17025,RID_1406940796,"Fire Kids Edition Tablet, 7 Display, Wi-Fi, 16 GB, Green Kid-Proof Case",4,TRUE,Nice tablet. Functions very much like an adult tablet. Clear screen and drop case are very good.,0.4975249,0.9950498,G,
50268,RID_1040426342,"All-New Fire HD 8 Tablet, 8 HD Display, Wi-Fi, 16 GB - Includes Special Offers, Black",4,TRUE,"I've had this tablet for a few months now and i like it. The picture is excellent, the sound from the speakers is more than sufficient and the wifi is quick.",0.50247514,0.9950497,G,
58145,RID_1040426342,"Fire HD 8 Tablet with Alexa, 8 HD Display, 16 GB, Tangerine - with Special Offers",4,TRUE,"I've had this tablet for a few months now and i like it. The picture is excellent, the sound from the speakers is more than sufficient and the wifi is quick.",0.50247514,0.9950497,G,
49216,RID_4269444139,"Fire Kids Edition Tablet, 7 Display, Wi-Fi, 16 GB, Pink Kid-Proof Case",5,TRUE,My kid loves it and is easy to use.Plus the case is worth it.,0.4975235,0.995047,G,
56100,RID_4269444139,"Fire Kids Edition Tablet, 7 Display, Wi-Fi, 16 GB, Blue Kid-Proof Case",5,TRUE,My kid loves it and is easy to use.Plus the case is worth it.,0.4975235,0.995047,G,
52746,RID_6938347315,"Fire Tablet, 7 Display, Wi-Fi, 16 GB - Includes Special Offers, Black",4,TRUE,"After much resistance | broke down and purchased my Kindle Fire, just prior to a trip. I read three books during my free time. With limited packing space I would only have been able to carry one.",0.50247806,0.9950439,G,
55242,RID_6938347315,"Fire Tablet with Alexa, 7 Display, 16 GB, Magenta - with Special Offers",4,TRUE,"After much resistance | broke down and purchased my Kindle Fire, just prior to a trip. I read three books during my free time. With limited packing space I would only have been able to carry one.",0.50247806,0.9950439,G,
26536,RID_7414786426,"Amazon Fire Tv,,,
Amazon Fire Tv,,,",4,TRUE,"Didn't realize having Amazon prime still wouldn't play all songs, actually doesn't play a lot of the ones I requested.",0.49750885,0.9950177,F,
15601,RID_5642306937,"Fire Kids Edition Tablet, 7 Display, Wi-Fi, 16 GB, Green Kid-Proof Case",5,TRUE,"The product was for my daughter, she loves it, and plays with it all of the time.",0.50249845,0.9950031,G,
37432,RID_3481699597,"Fire Tablet with Alexa, 7"" Display, 16 GB, Magenta - with Special Offers",5,TRUE,"The product was for my daughter, she loves it, and plays with it all of the time.",0.50249845,0.9950031,G,
53069,RID_3481699597,"Fire Tablet, 7 Display, Wi-Fi, 16 GB - Includes Special Offers, Black",5,TRUE,"The product was for my daughter, she loves it, and plays with it all of the time.",0.50249845,0.9950031,G,
33369,RID_7754044193,Unknown Product,5,TRUE,"This Amazon Fire TV box and remote is a great option to save money, and eliminate long term cable subscriptions. I should have purchased this years ago...",0.49748948,0.99497896,G,
1587,RID_3469743116,"All-New Fire HD 8 Tablet, 8 HD Display, Wi-Fi, 16 GB - Includes Special Offers, Magenta",4,TRUE,The 8 In Fire tablet does everything my nexus 7 tablet did; but also has the added benefit of expandable storage.,0.49748924,0.9949785,G,
25007,RID_6200123016,"Amazon - Amazon Tap Portable Bluetooth and Wi-Fi Speaker - Black,,,
Amazon - Amazon Tap Portable Bluetooth and Wi-Fi Speaker - Black,,,",5,TRUE,easy to be understood and the color is a nice arctic white,0.50252676,0.9949465,G,
19231,RID_7728172013,"Amazon Kindle Paperwhite - eBook reader - 4 GB - 6 monochrome Paperwhite - touchscreen - Wi-Fi - black,,,",5,TRUE,Great for outdoors while seating in the sun reading,0.49745655,0.9949131,G,
29347,RID_4893190302,Unknown Product,4,TRUE,I prefer spending the extra $70 or $80 to get the echo,0.5025454,0.99490917,G,
3786,RID_3092996580,"Fire Tablet, 7 Display, Wi-Fi, 8 GB - Includes Special Offers, Magenta",5,TRUE,"I got this as an upgrade for my old kindle & I love the new features! Crisp clear picture, easy to find app locations & tabs. Well organized. They added ""blue shade"" to adjust the color of the screen when reading at night because exposure to blue light is supposed to impede sleep. When reading it learns your pace & gives you an estimate on when you will finish the book which I think is neat. Can watch Netflix/Hulu. All around great product in my opinion.",0.497445,0.99489,G,
3731,RID_8019999735,"Fire Tablet, 7 Display, Wi-Fi, 8 GB - Includes Special Offers, Magenta",4,TRUE,I love being able to read on the tablet and not have to use the battery on my telephone.,0.49744454,0.9948891,G,
2113,RID_2075706841,"All-New Fire HD 8 Tablet, 8 HD Display, Wi-Fi, 16 GB - Includes Special Offers, Magenta",5,TRUE,"I bought this for my son as a first tablet. I am impressed by the built-in parental app. It has a good level of control that I feel comfortable with. My son likes his Kindle. I think he will like it more when he gets used to having to get through the ""educational"" features before he can play. I admittedly need to explore the tablet more myself. That will enable me to customize the settings and the apps for him and myself.",0.5025673,0.9948654,G,
11922,RID_6707786814,"Fire Tablet, 7 Display, Wi-Fi, 8 GB - Includes Special Offers, Magenta",5,TRUE,Bought it for my daughter she reads a lot she had the reader version for years but went blank,0.49743003,0.99486005,G,
1667,RID_2233370006,"All-New Fire HD 8 Tablet, 8 HD Display, Wi-Fi, 16 GB - Includes Special Offers, Magenta",4,TRUE,I use it everyday after work for down time.........,0.50261647,0.99476707,G,
24672,RID_2315266541,"Echo (White),,,
Echo (White),,,",5,TRUE,Awesome product fully functional with my home theater and overall feel of my living room. good for playing music off spotify,0.5026334,0.9947332,G,
52161,RID_1177618995,"All-New Fire HD 8 Tablet, 8 HD Display, Wi-Fi, 16 GB - Includes Special Offers, Black",1,FALSE,I brought this tablet during the Black Friday sale fast forward to Christmas when my 6 year opens it he was happy I set it up for him two days later it crashed never came back on. Blank screen. He was disappointed and so was I .,0.49735427,0.99470854,G,
53400,RID_1177618995,"All-New Fire HD 8 Tablet, 8 HD Display, Wi-Fi, 16 GB - Includes Special Offers, Blue",1,FALSE,I brought this tablet during the Black Friday sale fast forward to Christmas when my 6 year opens it he was happy I set it up for him two days later it crashed never came back on. Blank screen. He was disappointed and so was I .,0.49735427,0.99470854,G,
19917,RID_7718383070,"Amazon Kindle Paperwhite - eBook reader - 4 GB - 6 monochrome Paperwhite - touchscreen - Wi-Fi - black,,,",5,TRUE,I own 4 Kindles and I love them all. Purchsed the new Paperwhite because it had free 3G just wish they would make the capacity larger,0.49732625,0.9946525,G,
31753,RID_8002518923,Unknown Product,5,TRUE,This is the box you want for 4k. If not get the regular stick.,0.5027063,0.9945874,G,
40533,RID_2736302452,AmazonBasics AAA Performance Alkaline Batteries (36 Count),5,FALSE,use these bad boys on my xbox controllers. last as long as any other batteries I've purchased,0.5027193,0.99456143,G,
29848,RID_2683324052,Unknown Product,5,TRUE,Remote is just the right size and it gives you an instant response.,0.49727327,0.99454653,G,
19405,RID_5691365943,"Amazon Kindle Paperwhite - eBook reader - 4 GB - 6 monochrome Paperwhite - touchscreen - Wi-Fi - black,,,",5,TRUE,I absolutely LOVE my kindle paper white. I read a ton of books and love having all of them with me at all times,0.49721548,0.99443096,G,
30633,RID_5197128278,Unknown Product,3,TRUE,Easy to use.Easy to connect with cellphone and tablet to play YouTube. The product said it will upscale to 4k quality but the picture show on the TV is the same as regular product without 4K.,0.5027964,0.9944072,G,
27644,RID_3096712115,"Amazon Fire Tv,,,
Amazon Fire Tv,,,",4,TRUE,Need to explore what to ask to get the most out of it.,0.49720135,0.9944027,G,
28787,RID_8409155018,Unknown Product,5,TRUE,My old tablet died..needed a new fast. This one was alot better than my old one. Clear screen videos look amazing..Sound is better than expected..It was in stock too. Overall very happy item and buying experience!,0.50280815,0.9943837,G,
2886,RID_5462576773,"All-New Fire HD 8 Tablet, 8 HD Display, Wi-Fi, 32 GB - Includes Special Offers, Magenta",5,TRUE,Through all of my research this was the best value for what I was looking for in an e-reader with additional options I was not sure I would use or not. Turns I do because of the ease of usage.,0.5028329,0.9943342,G,
22179,RID_8881434818,"Echo (White),,,
Echo (White),,,",5,TRUE,"I love this thing!!! You can do so many things with it. Make lists that add to my phone, set timers, play my music!!",0.49714023,0.99428046,G,
